method,methodLabel,person,personLabel,work,workLabel,publicationDate
http://www.wikidata.org/entity/Q76654384,AACT Database,http://www.wikidata.org/entity/Q20895785,Daniel Mietchen,http://www.wikidata.org/entity/Q111507314,WikiProject Clinical Trials for Wikidata,2022-04-04
http://www.wikidata.org/entity/Q733115,Amazon Mechanical Turk,http://www.wikidata.org/entity/Q56433461,Daniel S. Park,http://www.wikidata.org/entity/Q36341919,CrowdCurio: an online crowdsourcing platform to facilitate climate change studies using herbarium specimens,2017-04-10
http://www.wikidata.org/entity/Q513297,ArcGIS,http://www.wikidata.org/entity/Q41048832,Sadie J. Ryan,http://www.wikidata.org/entity/Q94481911,Shifting transmission risk for malaria in Africa with climate change: a framework for planning and intervention,2020-05-01
http://www.wikidata.org/entity/Q513297,ArcGIS,http://www.wikidata.org/entity/Q91581208,Yaoqi Li,http://www.wikidata.org/entity/Q98735716,Spatial Patterns and Drivers of Angiosperm Sexual Systems in China Differ Between Woody and Herbaceous Species,2020-08-11
http://www.wikidata.org/entity/Q513297,ArcGIS,http://www.wikidata.org/entity/Q41048832,Sadie J. Ryan,http://www.wikidata.org/entity/Q98951488,"Comparing prioritization strategies for delivering indoor residual spray (IRS) implementation, using a network approach",2020-09-04
http://www.wikidata.org/entity/Q513297,ArcGIS,http://www.wikidata.org/entity/Q59691546,Diogo Borges Provete,http://www.wikidata.org/entity/Q99351375,Idiosyncratic liver pigment alterations of five frog species in response to contrasting land use patterns in the Brazilian Cerrado,2020-08-26
http://www.wikidata.org/entity/Q513297,ArcGIS,http://www.wikidata.org/entity/Q47817227,Ralf B. Schäfer,http://www.wikidata.org/entity/Q99561633,Preparing GIS data for analysis of stream monitoring data: The R package openSTARS,2020-09-17
http://www.wikidata.org/entity/Q513297,ArcGIS,http://www.wikidata.org/entity/Q46983883,Michael Ray Kearney,http://www.wikidata.org/entity/Q110789990,An endangered flightless grasshopper with strong genetic structure maintains population genetic variation despite extensive habitat loss,2021-05-01
http://www.wikidata.org/entity/Q513297,ArcGIS,http://www.wikidata.org/entity/Q56373618,Jonas J. Lembrechts,http://www.wikidata.org/entity/Q111327337,Shielded environments reduce stress in alien Asteraceae species during hot and dry summers along urban-to-rural gradients,2021-07-13
http://www.wikidata.org/entity/Q513297,ArcGIS,http://www.wikidata.org/entity/Q41048832,Sadie J. Ryan,http://www.wikidata.org/entity/Q112068516,Factors influencing scavenger guilds and scavenging efficiency in Southwestern Montana,2021-02-19
http://www.wikidata.org/entity/Q513297,ArcGIS,http://www.wikidata.org/entity/Q6069153,Katja Seltmann,http://www.wikidata.org/entity/Q112271331,Plant-arthropod interactions of an endangered California lupine,2022-03-08
http://www.wikidata.org/entity/Q513297,ArcGIS,http://www.wikidata.org/entity/Q21517397,Alexander Keller,http://www.wikidata.org/entity/Q112273024,Cryptic species and hidden ecological interactions of halictine bees along an elevational gradient,2021-05-17
http://www.wikidata.org/entity/Q513297,ArcGIS,http://www.wikidata.org/entity/Q91581208,Yaoqi Li,http://www.wikidata.org/entity/Q112273468,"Effects of Climate, Plant Height, and Evolutionary Age on Geographical Patterns of Fruit Type",2021-03-16
http://www.wikidata.org/entity/Q513297,ArcGIS,http://www.wikidata.org/entity/Q41048832,Sadie J. Ryan,http://www.wikidata.org/entity/Q112273699,Climate predicts geographic and temporal variation in mosquito-borne disease dynamics on two continents,2021-02-23
http://www.wikidata.org/entity/Q513297,ArcGIS,http://www.wikidata.org/entity/Q42666979,Steven L. Chown,http://www.wikidata.org/entity/Q93150416,Progress towards a representative network of Southern Ocean protected areas,2020-04-22
http://www.wikidata.org/entity/Q513297,ArcGIS,http://www.wikidata.org/entity/Q56441522,Dalia A. Conde,http://www.wikidata.org/entity/Q89531810,A system wide approach to managing zoo collections for visitor attendance and in situ conservation,2020-02-04
http://www.wikidata.org/entity/Q513297,ArcGIS,http://www.wikidata.org/entity/Q41048832,Sadie J. Ryan,http://www.wikidata.org/entity/Q89662015,"A network analysis framework to improve the delivery of mosquito abatement services in Machala, Ecuador",2020-02-11
http://www.wikidata.org/entity/Q513297,ArcGIS,http://www.wikidata.org/entity/Q41048832,Sadie J. Ryan,http://www.wikidata.org/entity/Q89785748,The origins of dengue and chikungunya viruses in Ecuador following increased migration from Venezuela and Colombia,2020-02-19
http://www.wikidata.org/entity/Q513297,ArcGIS,http://www.wikidata.org/entity/Q62558788,Rachael V. Gallagher,http://www.wikidata.org/entity/Q90291495,Orchid diversity: Spatial and climatic patterns from herbarium records,2018-10-30
http://www.wikidata.org/entity/Q513297,ArcGIS,http://www.wikidata.org/entity/Q41048832,Sadie J. Ryan,http://www.wikidata.org/entity/Q90970725,Co-developing climate services for public health: Stakeholder needs and perceptions for the prevention and control of Aedes-transmitted diseases in the Caribbean,2019-10-28
http://www.wikidata.org/entity/Q513297,ArcGIS,http://www.wikidata.org/entity/Q43148086,Ignasi Bartomeus,http://www.wikidata.org/entity/Q90999844,Pollinator foraging flexibility mediates rapid plant-pollinator network restoration in semi-natural grasslands,2019-10-29
http://www.wikidata.org/entity/Q513297,ArcGIS,http://www.wikidata.org/entity/Q56441522,Dalia A. Conde,http://www.wikidata.org/entity/Q91949663,A global database of intentionally deployed wrecks to serve as artificial reefs,2018-12-29
http://www.wikidata.org/entity/Q513297,ArcGIS,http://www.wikidata.org/entity/Q41048832,Sadie J. Ryan,http://www.wikidata.org/entity/Q21144461,LoCoH: nonparameteric kernel methods for constructing home ranges and utilization distributions,2007-01-01
http://www.wikidata.org/entity/Q513297,ArcGIS,http://www.wikidata.org/entity/Q55100101,Richard J Telford,http://www.wikidata.org/entity/Q24289534,"Massive structural and compositional changes over two decades in forest fragments near Kampala, Uganda",2013-09-12
http://www.wikidata.org/entity/Q513297,ArcGIS,http://www.wikidata.org/entity/Q42561055,Vigdis Vandvik,http://www.wikidata.org/entity/Q24289534,"Massive structural and compositional changes over two decades in forest fragments near Kampala, Uganda",2013-09-12
http://www.wikidata.org/entity/Q513297,ArcGIS,http://www.wikidata.org/entity/Q27720517,Renee A. Catullo,http://www.wikidata.org/entity/Q28646915,Lineage range estimation method reveals fine-scale endemism linked to Pleistocene stability in Australian rainforest herpetofauna,2015-01-01
http://www.wikidata.org/entity/Q513297,ArcGIS,http://www.wikidata.org/entity/Q26714687,Maurizio Rossetto,http://www.wikidata.org/entity/Q28713967,Genetic structure and bio-climatic modeling support allopatric over parapatric speciation along a latitudinal gradient,2012-08-20
http://www.wikidata.org/entity/Q513297,ArcGIS,http://www.wikidata.org/entity/Q56457776,Ben Sparrow,http://www.wikidata.org/entity/Q28816976,Opportunities for Integrated Ecological Analysis across Inland Australia with Standardised Data from Ausplots Rangelands,2017-01-01
http://www.wikidata.org/entity/Q513297,ArcGIS,http://www.wikidata.org/entity/Q41048832,Sadie J. Ryan,http://www.wikidata.org/entity/Q29587261,"Detecting the impact of temperature on transmission of Zika, dengue, and chikungunya using mechanistic models",2017-04-27
http://www.wikidata.org/entity/Q513297,ArcGIS,http://www.wikidata.org/entity/Q89735684,Cyrille Violle,http://www.wikidata.org/entity/Q30676532,Habitat area and climate stability determine geographical variation in plant species range sizes.,2013-10-03
http://www.wikidata.org/entity/Q513297,ArcGIS,http://www.wikidata.org/entity/Q47172478,Brian J. Enquist,http://www.wikidata.org/entity/Q30676532,Habitat area and climate stability determine geographical variation in plant species range sizes.,2013-10-03
http://www.wikidata.org/entity/Q513297,ArcGIS,http://www.wikidata.org/entity/Q26714687,Maurizio Rossetto,http://www.wikidata.org/entity/Q33903574,The impact of distance and a shifting temperature gradient on genetic connectivity across a heterogeneous landscape,2011-05-18
http://www.wikidata.org/entity/Q513297,ArcGIS,http://www.wikidata.org/entity/Q56332709,Vanessa M. Adams,http://www.wikidata.org/entity/Q34043203,How much does it cost to expand a protected area system? Some critical determining factors and ranges of costs for Queensland,2011-09-28
http://www.wikidata.org/entity/Q513297,ArcGIS,http://www.wikidata.org/entity/Q47172478,Brian J. Enquist,http://www.wikidata.org/entity/Q36915392,Colloquium paper: microbes on mountainsides: contrasting elevational patterns of bacterial and plant diversity,2008-08-11
http://www.wikidata.org/entity/Q513297,ArcGIS,http://www.wikidata.org/entity/Q88797887,Katherine C B Weiss,http://www.wikidata.org/entity/Q38619879,Impacts of forest restoration on water yield: A systematic review.,2017-08-17
http://www.wikidata.org/entity/Q513297,ArcGIS,http://www.wikidata.org/entity/Q41048832,Sadie J. Ryan,http://www.wikidata.org/entity/Q46179592,"Social-ecological factors and preventive actions decrease the risk of dengue infection at the household-level: Results from a prospective dengue surveillance study in Machala, Ecuador.",2017-12-18
http://www.wikidata.org/entity/Q513297,ArcGIS,http://www.wikidata.org/entity/Q42666979,Steven L. Chown,http://www.wikidata.org/entity/Q51130371,Physiological tolerances account for range limits and abundance structure in an invasive slug.,2009-02-20
http://www.wikidata.org/entity/Q513297,ArcGIS,http://www.wikidata.org/entity/Q46983883,Michael Ray Kearney,http://www.wikidata.org/entity/Q51175888,Excluding access to invasion hubs can contain the spread of an invasive vertebrate.,2011-02-23
http://www.wikidata.org/entity/Q513297,ArcGIS,http://www.wikidata.org/entity/Q43148086,Ignasi Bartomeus,http://www.wikidata.org/entity/Q51186861,Exotic species enhance response diversity to land-use change but modify functional composition.,2017-08-01
http://www.wikidata.org/entity/Q513297,ArcGIS,http://www.wikidata.org/entity/Q41048832,Sadie J. Ryan,http://www.wikidata.org/entity/Q52565993,"The Social and Spatial Ecology of Dengue Presence and Burden during an Outbreak in Guayaquil, Ecuador, 2012.",2018-04-23
http://www.wikidata.org/entity/Q513297,ArcGIS,http://www.wikidata.org/entity/Q41048832,Sadie J. Ryan,http://www.wikidata.org/entity/Q56443272,Temperature explains broad patterns of Ross River virus transmission,2018-08-28
http://www.wikidata.org/entity/Q513297,ArcGIS,http://www.wikidata.org/entity/Q42666979,Steven L. Chown,http://www.wikidata.org/entity/Q57004358,Land-use change promotes avian diversity at the expense of species with unique traits,2016-11-01
http://www.wikidata.org/entity/Q513297,ArcGIS,http://www.wikidata.org/entity/Q41048832,Sadie J. Ryan,http://www.wikidata.org/entity/Q59809780,Using a coupled dynamic factor – random forest analysis (DFRFA) to reveal drivers of spatiotemporal heterogeneity in the semi-arid regions of southern Africa,2018-12-14
http://www.wikidata.org/entity/Q513297,ArcGIS,http://www.wikidata.org/entity/Q56576289,Luca Santini,http://www.wikidata.org/entity/Q64904309,Intact but empty forests? Patterns of hunting-induced mammal defaunation in the tropics.,2019-05-14
http://www.wikidata.org/entity/Q76693569,Author Disambiguator,http://www.wikidata.org/entity/Q20895785,Daniel Mietchen,http://www.wikidata.org/entity/Q111507314,WikiProject Clinical Trials for Wikidata,2022-04-04
http://www.wikidata.org/entity/Q182505,Bayes' theorem,http://www.wikidata.org/entity/Q6218862,John Alroy,http://www.wikidata.org/entity/Q28608435,Current extinction rates of reptiles and amphibians,2015-10-20
http://www.wikidata.org/entity/Q5054566,causal inference,http://www.wikidata.org/entity/Q20895785,Daniel Mietchen,http://www.wikidata.org/entity/Q107085347,Assessing the Causal Impact of COVID-19 Related Policies on Outbreak Dynamics: A Case Study in the US,2021-05-29
http://www.wikidata.org/entity/Q2383032,Chemistry Development Kit,http://www.wikidata.org/entity/Q20895785,Daniel Mietchen,http://www.wikidata.org/entity/Q105742243,The LOTUS Initiative for Open Natural Products Research: Knowledge Management through Wikidata,2021-03-01
http://www.wikidata.org/entity/Q2383032,Chemistry Development Kit,http://www.wikidata.org/entity/Q20895785,Daniel Mietchen,http://www.wikidata.org/entity/Q112143478,The LOTUS initiative for open knowledge management in natural products research,2022-05-26
http://www.wikidata.org/entity/Q112338622,ChemmineR,http://www.wikidata.org/entity/Q20895785,Daniel Mietchen,http://www.wikidata.org/entity/Q105742243,The LOTUS Initiative for Open Natural Products Research: Knowledge Management through Wikidata,2021-03-01
http://www.wikidata.org/entity/Q112338622,ChemmineR,http://www.wikidata.org/entity/Q20895785,Daniel Mietchen,http://www.wikidata.org/entity/Q112143478,The LOTUS initiative for open knowledge management in natural products research,2022-05-26
http://www.wikidata.org/entity/Q112144946,ClassyFire,http://www.wikidata.org/entity/Q20895785,Daniel Mietchen,http://www.wikidata.org/entity/Q105742243,The LOTUS Initiative for Open Natural Products Research: Knowledge Management through Wikidata,2021-03-01
http://www.wikidata.org/entity/Q112144946,ClassyFire,http://www.wikidata.org/entity/Q20895785,Daniel Mietchen,http://www.wikidata.org/entity/Q112143478,The LOTUS initiative for open knowledge management in natural products research,2022-05-26
http://www.wikidata.org/entity/Q107068605,Clinical Trials Wiki Loader,http://www.wikidata.org/entity/Q20895785,Daniel Mietchen,http://www.wikidata.org/entity/Q111507314,WikiProject Clinical Trials for Wikidata,2022-04-04
http://www.wikidata.org/entity/Q5133746,ClinicalTrials.gov,http://www.wikidata.org/entity/Q20895785,Daniel Mietchen,http://www.wikidata.org/entity/Q111507314,WikiProject Clinical Trials for Wikidata,2022-04-04
http://www.wikidata.org/entity/Q96777166,ClinWiki,http://www.wikidata.org/entity/Q20895785,Daniel Mietchen,http://www.wikidata.org/entity/Q111507314,WikiProject Clinical Trials for Wikidata,2022-04-04
http://www.wikidata.org/entity/Q112481324,common garden experiment,http://www.wikidata.org/entity/Q55807645,David B. Roy,http://www.wikidata.org/entity/Q112651307,The influence of chalk grasslands on butterfly phenology and ecology,2021-10-07
http://www.wikidata.org/entity/Q112481324,common garden experiment,http://www.wikidata.org/entity/Q46983883,Michael Ray Kearney,http://www.wikidata.org/entity/Q35152145,Co-gradient variation in growth rate and development time of a broadly distributed butterfly,2014-04-17
http://www.wikidata.org/entity/Q112352166,COVID-19 State and County Policy Orders,http://www.wikidata.org/entity/Q20895785,Daniel Mietchen,http://www.wikidata.org/entity/Q107085347,Assessing the Causal Impact of COVID-19 Related Policies on Outbreak Dynamics: A Case Study in the US,2021-05-29
http://www.wikidata.org/entity/Q5188229,Crossref,http://www.wikidata.org/entity/Q20895785,Daniel Mietchen,http://www.wikidata.org/entity/Q105742243,The LOTUS Initiative for Open Natural Products Research: Knowledge Management through Wikidata,2021-03-01
http://www.wikidata.org/entity/Q5188229,Crossref,http://www.wikidata.org/entity/Q20895785,Daniel Mietchen,http://www.wikidata.org/entity/Q112143478,The LOTUS initiative for open knowledge management in natural products research,2022-05-26
http://www.wikidata.org/entity/Q275969,crowdsourcing,http://www.wikidata.org/entity/Q63240627,Ramona L Walls,http://www.wikidata.org/entity/Q28680764,Next-generation phenomics for the Tree of Life,2013-06-26
http://www.wikidata.org/entity/Q275969,crowdsourcing,http://www.wikidata.org/entity/Q20895785,Daniel Mietchen,http://www.wikidata.org/entity/Q34381225,Developing international open science collaborations: Funder reflections on the Open Science Prize,2017-08-01
http://www.wikidata.org/entity/Q275969,crowdsourcing,http://www.wikidata.org/entity/Q56433461,Daniel S. Park,http://www.wikidata.org/entity/Q36341919,CrowdCurio: an online crowdsourcing platform to facilitate climate change studies using herbarium specimens,2017-04-10
http://www.wikidata.org/entity/Q3699942,Cytoscape,http://www.wikidata.org/entity/Q28368079,Melissa Haendel,http://www.wikidata.org/entity/Q21819337,The Human Phenotype Ontology: Semantic Unification of Common and Rare Disease,2015-07-01
http://www.wikidata.org/entity/Q3699942,Cytoscape,http://www.wikidata.org/entity/Q28368079,Melissa Haendel,http://www.wikidata.org/entity/Q28647107,Clinical interpretation of CNVs with cross-species phenotype data,2014-11-01
http://www.wikidata.org/entity/Q3699942,Cytoscape,http://www.wikidata.org/entity/Q47503085,Anne Thessen,http://www.wikidata.org/entity/Q28658294,Knowledge extraction and semantic annotation of text from the encyclopedia of life,2014-01-01
http://www.wikidata.org/entity/Q465,DBpedia,http://www.wikidata.org/entity/Q20895785,Daniel Mietchen,http://www.wikidata.org/entity/Q111245248,SKG4EOSC - Scholarly Knowledge Graphs for EOSC: Establishing a backbone of knowledge graphs for FAIR Scholarly Information in EOSC,2022-03-15
http://www.wikidata.org/entity/Q328,English Wikipedia,http://www.wikidata.org/entity/Q20895785,Daniel Mietchen,http://www.wikidata.org/entity/Q28942417,Scholia and scientometrics with Wikidata,2017-03-13
http://www.wikidata.org/entity/Q56515356,ethical approval,http://www.wikidata.org/entity/Q20895785,Daniel Mietchen,http://www.wikidata.org/entity/Q107265514,Radical collaboration during a global health emergency: development of the RDA COVID-19 data sharing recommendations and guidelines,2021-06-16
http://www.wikidata.org/entity/Q29051497,European Open Science Cloud,http://www.wikidata.org/entity/Q20895785,Daniel Mietchen,http://www.wikidata.org/entity/Q111245248,SKG4EOSC - Scholarly Knowledge Graphs for EOSC: Establishing a backbone of knowledge graphs for FAIR Scholarly Information in EOSC,2022-03-15
http://www.wikidata.org/entity/Q112338962,faerun,http://www.wikidata.org/entity/Q20895785,Daniel Mietchen,http://www.wikidata.org/entity/Q105742243,The LOTUS Initiative for Open Natural Products Research: Knowledge Management through Wikidata,2021-03-01
http://www.wikidata.org/entity/Q112338962,faerun,http://www.wikidata.org/entity/Q20895785,Daniel Mietchen,http://www.wikidata.org/entity/Q112143478,The LOTUS initiative for open knowledge management in natural products research,2022-05-26
http://www.wikidata.org/entity/Q289281,Flask,http://www.wikidata.org/entity/Q20895785,Daniel Mietchen,http://www.wikidata.org/entity/Q28942417,Scholia and scientometrics with Wikidata,2017-03-13
http://www.wikidata.org/entity/Q112338660,ggalluvial,http://www.wikidata.org/entity/Q20895785,Daniel Mietchen,http://www.wikidata.org/entity/Q105742243,The LOTUS Initiative for Open Natural Products Research: Knowledge Management through Wikidata,2021-03-01
http://www.wikidata.org/entity/Q112338660,ggalluvial,http://www.wikidata.org/entity/Q20895785,Daniel Mietchen,http://www.wikidata.org/entity/Q112143478,The LOTUS initiative for open knowledge management in natural products research,2022-05-26
http://www.wikidata.org/entity/Q326489,ggplot2,http://www.wikidata.org/entity/Q21517397,Alexander Keller,http://www.wikidata.org/entity/Q96438476,Susceptibility of Red Mason Bee Larvae to Bacterial Threats Due to Microbiome Exchange with Imported Pollen Provisions,2020-06-15
http://www.wikidata.org/entity/Q326489,ggplot2,http://www.wikidata.org/entity/Q39186568,Jacintha Ellers,http://www.wikidata.org/entity/Q102154471,Variation in plant leaf traits affects transmission and detectability of herbivore vibrational cues,2020-09-30
http://www.wikidata.org/entity/Q326489,ggplot2,http://www.wikidata.org/entity/Q92348435,Mohammad Bagher Erfanian,http://www.wikidata.org/entity/Q104757456,Bryophyte cover and richness decline after 18 years of experimental warming in alpine Sweden,2020-11-24
http://www.wikidata.org/entity/Q326489,ggplot2,http://www.wikidata.org/entity/Q46983883,Michael Ray Kearney,http://www.wikidata.org/entity/Q110789990,An endangered flightless grasshopper with strong genetic structure maintains population genetic variation despite extensive habitat loss,2021-05-01
http://www.wikidata.org/entity/Q326489,ggplot2,http://www.wikidata.org/entity/Q56441522,Dalia A. Conde,http://www.wikidata.org/entity/Q111320115,A standardized dataset for conservation prioritization of songbirds to support CITES,2021-05-07
http://www.wikidata.org/entity/Q326489,ggplot2,http://www.wikidata.org/entity/Q57053403,Stefano Mammola,http://www.wikidata.org/entity/Q112276707,Global response of conservationists across mass media likely constrained bat persecution due to COVID-19,2022-05-13
http://www.wikidata.org/entity/Q326489,ggplot2,http://www.wikidata.org/entity/Q21517397,Alexander Keller,http://www.wikidata.org/entity/Q112276777,Diets maintained in a changing world: Does land-use intensification alter wild bee communities by selecting for flexible generalists?,2022-05-15
http://www.wikidata.org/entity/Q326489,ggplot2,http://www.wikidata.org/entity/Q42666979,Steven L. Chown,http://www.wikidata.org/entity/Q112286881,Chronic heat stress in tropical urban informal settlements,2021-11-10
http://www.wikidata.org/entity/Q326489,ggplot2,http://www.wikidata.org/entity/Q22103562,Nuno Simões,http://www.wikidata.org/entity/Q112288639,"Marine amphipods (<i>Parhyale hawaiensis</i>) as an alternative feed for the lined seahorse (<i>Hippocampus erectus</i>, Perri 1810): nutritional value and feeding trial",2021-10-19
http://www.wikidata.org/entity/Q326489,ggplot2,http://www.wikidata.org/entity/Q92348435,Mohammad Bagher Erfanian,http://www.wikidata.org/entity/Q112289442,Severe vegetation degradation associated with different disturbance types in a poorly managed urban recreation destination in Iran,2021-10-04
http://www.wikidata.org/entity/Q326489,ggplot2,http://www.wikidata.org/entity/Q42666979,Steven L. Chown,http://www.wikidata.org/entity/Q112295660,Monitoring of diverse enteric pathogens across environmental and host reservoirs with TaqMan array cards and standard qPCR: a methodological comparison study,2021-05-01
http://www.wikidata.org/entity/Q326489,ggplot2,http://www.wikidata.org/entity/Q29076435,Markus Ankenbrand,http://www.wikidata.org/entity/Q90783518,Linking pollen foraging of megachilid bees to their nest bacterial microbiota,2019-09-02
http://www.wikidata.org/entity/Q326489,ggplot2,http://www.wikidata.org/entity/Q21517397,Alexander Keller,http://www.wikidata.org/entity/Q90783518,Linking pollen foraging of megachilid bees to their nest bacterial microbiota,2019-09-02
http://www.wikidata.org/entity/Q326489,ggplot2,http://www.wikidata.org/entity/Q28368079,Melissa Haendel,http://www.wikidata.org/entity/Q92283778,New models for human disease from the International Mouse Phenotyping Consortium,2019-05-24
http://www.wikidata.org/entity/Q326489,ggplot2,http://www.wikidata.org/entity/Q28368079,Melissa Haendel,http://www.wikidata.org/entity/Q92283778,New models for human disease from the International Mouse Phenotyping Consortium,2019-06-01
http://www.wikidata.org/entity/Q326489,ggplot2,http://www.wikidata.org/entity/Q92348435,Mohammad Bagher Erfanian,http://www.wikidata.org/entity/Q92407141,Plant community responses to environmentally friendly piste management in northeast Iran,2019-06-19
http://www.wikidata.org/entity/Q326489,ggplot2,http://www.wikidata.org/entity/Q42666979,Steven L. Chown,http://www.wikidata.org/entity/Q31147668,Interactions between rates of temperature change and acclimation affect latitudinal patterns of warming tolerance,2016-11-09
http://www.wikidata.org/entity/Q326489,ggplot2,http://www.wikidata.org/entity/Q21517397,Alexander Keller,http://www.wikidata.org/entity/Q60046897,Microbial Community Structure in a Malaysian Tropical Peat Swamp Forest: The Influence of Tree Species and Depth,2018-12-04
http://www.wikidata.org/entity/Q326489,ggplot2,http://www.wikidata.org/entity/Q46983883,Michael Ray Kearney,http://www.wikidata.org/entity/Q62518293,Climate is a strong predictor of near-infrared reflectance but a poor predictor of colour in butterflies,2019-03-01
http://www.wikidata.org/entity/Q326489,ggplot2,http://www.wikidata.org/entity/Q89735684,Cyrille Violle,http://www.wikidata.org/entity/Q64095059,Nonlinear phenotypic variation uncovers the emergence of heterosis in Arabidopsis thaliana,2019-04-24
http://www.wikidata.org/entity/Q326489,ggplot2,http://www.wikidata.org/entity/Q22103562,Nuno Simões,http://www.wikidata.org/entity/Q64988446,"A metadata approach to evaluate the state of ocean knowledge: Strengths, limitations, and application to Mexico.",2019-06-12
http://www.wikidata.org/entity/Q112338735,ggtree,http://www.wikidata.org/entity/Q20895785,Daniel Mietchen,http://www.wikidata.org/entity/Q105742243,The LOTUS Initiative for Open Natural Products Research: Knowledge Management through Wikidata,2021-03-01
http://www.wikidata.org/entity/Q112338735,ggtree,http://www.wikidata.org/entity/Q20895785,Daniel Mietchen,http://www.wikidata.org/entity/Q112143478,The LOTUS initiative for open knowledge management in natural products research,2022-05-26
http://www.wikidata.org/entity/Q112338760,ggtreeExtra,http://www.wikidata.org/entity/Q20895785,Daniel Mietchen,http://www.wikidata.org/entity/Q105742243,The LOTUS Initiative for Open Natural Products Research: Knowledge Management through Wikidata,2021-03-01
http://www.wikidata.org/entity/Q112338760,ggtreeExtra,http://www.wikidata.org/entity/Q20895785,Daniel Mietchen,http://www.wikidata.org/entity/Q112143478,The LOTUS initiative for open knowledge management in natural products research,2022-05-26
http://www.wikidata.org/entity/Q8038,GIMP,http://www.wikidata.org/entity/Q20895785,Daniel Mietchen,http://www.wikidata.org/entity/Q107265514,Radical collaboration during a global health emergency: development of the RDA COVID-19 data sharing recommendations and guidelines,2021-06-16
http://www.wikidata.org/entity/Q364,GitHub,http://www.wikidata.org/entity/Q20895785,Daniel Mietchen,http://www.wikidata.org/entity/Q105742243,The LOTUS Initiative for Open Natural Products Research: Knowledge Management through Wikidata,2021-03-01
http://www.wikidata.org/entity/Q364,GitHub,http://www.wikidata.org/entity/Q20895785,Daniel Mietchen,http://www.wikidata.org/entity/Q112143478,The LOTUS initiative for open knowledge management in natural products research,2022-05-26
http://www.wikidata.org/entity/Q65691453,Global Names Architecture,http://www.wikidata.org/entity/Q20895785,Daniel Mietchen,http://www.wikidata.org/entity/Q105742243,The LOTUS Initiative for Open Natural Products Research: Knowledge Management through Wikidata,2021-03-01
http://www.wikidata.org/entity/Q65691453,Global Names Architecture,http://www.wikidata.org/entity/Q20895785,Daniel Mietchen,http://www.wikidata.org/entity/Q112143478,The LOTUS initiative for open knowledge management in natural products research,2022-05-26
http://www.wikidata.org/entity/Q9340,Google Drive,http://www.wikidata.org/entity/Q20895785,Daniel Mietchen,http://www.wikidata.org/entity/Q107265514,Radical collaboration during a global health emergency: development of the RDA COVID-19 data sharing recommendations and guidelines,2021-06-16
http://www.wikidata.org/entity/Q16235120,health information on Wikipedia,http://www.wikidata.org/entity/Q20895785,Daniel Mietchen,http://www.wikidata.org/entity/Q107394423,Wikipedia for multilingual COVID-19 vaccine education at scale,2021-07-01
http://www.wikidata.org/entity/Q112134368,herbarium record,http://www.wikidata.org/entity/Q62558788,Rachael V. Gallagher,http://www.wikidata.org/entity/Q57032398,Phenological trends among Australian alpine species: using herbarium records to identify climate-change indicators,2009-01-01
http://www.wikidata.org/entity/Q61726742,herbarium specimen,http://www.wikidata.org/entity/Q56433461,Daniel S. Park,http://www.wikidata.org/entity/Q36341919,CrowdCurio: an online crowdsourcing platform to facilitate climate change studies using herbarium specimens,2017-04-10
http://www.wikidata.org/entity/Q61726742,herbarium specimen,http://www.wikidata.org/entity/Q63240627,Ramona L Walls,http://www.wikidata.org/entity/Q55063362,Digitization protocol for scoring reproductive phenology from herbarium specimens of seed plants.,2018-02-28
http://www.wikidata.org/entity/Q112335268,Hi-Knowledge,http://www.wikidata.org/entity/Q20895785,Daniel Mietchen,http://www.wikidata.org/entity/Q108138420,"Towards an open, zoomable atlas for invasion science and beyond",2021-08-18
http://www.wikidata.org/entity/Q1659584,ImageJ,http://www.wikidata.org/entity/Q39186568,Jacintha Ellers,http://www.wikidata.org/entity/Q102154471,Variation in plant leaf traits affects transmission and detectability of herbivore vibrational cues,2020-09-30
http://www.wikidata.org/entity/Q1659584,ImageJ,http://www.wikidata.org/entity/Q56373618,Jonas J. Lembrechts,http://www.wikidata.org/entity/Q111327337,Shielded environments reduce stress in alien Asteraceae species during hot and dry summers along urban-to-rural gradients,2021-07-13
http://www.wikidata.org/entity/Q1659584,ImageJ,http://www.wikidata.org/entity/Q57158432,Wilco C.E.P. Verberk,http://www.wikidata.org/entity/Q89972258,"Triploidy in zebrafish larvae: Effects on gene expression, cell size and cell number, growth, development and swimming performance",2020-03-02
http://www.wikidata.org/entity/Q1659584,ImageJ,http://www.wikidata.org/entity/Q36585112,Ian J. Wright,http://www.wikidata.org/entity/Q90379915,Parenchyma Abundance in Wood of Evergreen Trees Varies Independently of Nutrients,2020-02-19
http://www.wikidata.org/entity/Q1659584,ImageJ,http://www.wikidata.org/entity/Q43121038,Mark Westoby,http://www.wikidata.org/entity/Q90379915,Parenchyma Abundance in Wood of Evergreen Trees Varies Independently of Nutrients,2020-02-19
http://www.wikidata.org/entity/Q1659584,ImageJ,http://www.wikidata.org/entity/Q89735684,Cyrille Violle,http://www.wikidata.org/entity/Q91763483,Climate as a driver of adaptive variations in ecological strategies in Arabidopsis thaliana,2018-11-01
http://www.wikidata.org/entity/Q1659584,ImageJ,http://www.wikidata.org/entity/Q57158432,Wilco C.E.P. Verberk,http://www.wikidata.org/entity/Q91912642,Effects of developmental plasticity on heat tolerance may be mediated by changes in cell size in Drosophila melanogaster,2019-12-12
http://www.wikidata.org/entity/Q1659584,ImageJ,http://www.wikidata.org/entity/Q57158432,Wilco C.E.P. Verberk,http://www.wikidata.org/entity/Q92700356,Human Monocyte-Derived Dendritic Cells Produce Millimolar Concentrations of ROS in Phagosomes Per Second,2019-05-29
http://www.wikidata.org/entity/Q1659584,ImageJ,http://www.wikidata.org/entity/Q51171519,Joshua S Madin,http://www.wikidata.org/entity/Q92818558,Partitioning colony size variation into growth and partial mortality,2020-01-22
http://www.wikidata.org/entity/Q1659584,ImageJ,http://www.wikidata.org/entity/Q20895785,Daniel Mietchen,http://www.wikidata.org/entity/Q22065244,In vivo assessment of cold adaptation in insect larvae by magnetic resonance imaging and magnetic resonance spectroscopy,2008-12-05
http://www.wikidata.org/entity/Q1659584,ImageJ,http://www.wikidata.org/entity/Q56433461,Daniel S. Park,http://www.wikidata.org/entity/Q28478875,Native environment modulates leaf size and response to simulated foliar shade across wild tomato species,2012-01-12
http://www.wikidata.org/entity/Q1659584,ImageJ,http://www.wikidata.org/entity/Q43121038,Mark Westoby,http://www.wikidata.org/entity/Q28602452,"Weak coordination among petiole, leaf, vein, and gas-exchange traits across Australian angiosperm species and its possible implications",2016-01-01
http://www.wikidata.org/entity/Q1659584,ImageJ,http://www.wikidata.org/entity/Q47172478,Brian J. Enquist,http://www.wikidata.org/entity/Q28655725,Plant ecological strategies shift across the Cretaceous-Paleogene boundary,2014-09-01
http://www.wikidata.org/entity/Q1659584,ImageJ,http://www.wikidata.org/entity/Q26714687,Maurizio Rossetto,http://www.wikidata.org/entity/Q28660794,Maintenance of strong morphological differentiation despite ongoing natural hybridization between sympatric species of Lomatia (Proteaceae),2014-01-31
http://www.wikidata.org/entity/Q1659584,ImageJ,http://www.wikidata.org/entity/Q51171519,Joshua S Madin,http://www.wikidata.org/entity/Q30355825,Coral larvae are poor swimmers and require fine-scale reef structure to settle.,2017-05-22
http://www.wikidata.org/entity/Q1659584,ImageJ,http://www.wikidata.org/entity/Q47172478,Brian J. Enquist,http://www.wikidata.org/entity/Q31122749,Examining variation in the leaf mass per area of dominant species across two contrasting tropical gradients in light of community assembly,2016-07-22
http://www.wikidata.org/entity/Q1659584,ImageJ,http://www.wikidata.org/entity/Q47172478,Brian J. Enquist,http://www.wikidata.org/entity/Q33626237,Variation in leaf wettability traits along a tropical montane elevation gradient,2016-07-27
http://www.wikidata.org/entity/Q1659584,ImageJ,http://www.wikidata.org/entity/Q56556463,Jens Kattge,http://www.wikidata.org/entity/Q33910207,Potential and limitations of inferring ecosystem photosynthetic capacity from leaf functional traits,2016-09-22
http://www.wikidata.org/entity/Q1659584,ImageJ,http://www.wikidata.org/entity/Q57158432,Wilco C.E.P. Verberk,http://www.wikidata.org/entity/Q35464105,"Native and non-native plants provide similar refuge to invertebrate prey, but less than artificial plants",2015-04-17
http://www.wikidata.org/entity/Q1659584,ImageJ,http://www.wikidata.org/entity/Q56441617,Joseph A Tobias,http://www.wikidata.org/entity/Q35799839,"Condition, not eyespan, predicts contest outcome in female stalk-eyed flies, Teleopsis dalmanni",2015-04-08
http://www.wikidata.org/entity/Q1659584,ImageJ,http://www.wikidata.org/entity/Q51171519,Joshua S Madin,http://www.wikidata.org/entity/Q36062793,"Large orb-webs adapted to maximise total biomass not rare, large prey",2015-09-16
http://www.wikidata.org/entity/Q1659584,ImageJ,http://www.wikidata.org/entity/Q47817227,Ralf B. Schäfer,http://www.wikidata.org/entity/Q46361489,Contrasting effects of aquatic subsidies on a terrestrial trophic cascade.,2017-05-01
http://www.wikidata.org/entity/Q1659584,ImageJ,http://www.wikidata.org/entity/Q39186568,Jacintha Ellers,http://www.wikidata.org/entity/Q47118247,Environmental conditions limit attractiveness of a complex sexual signal in the túngara frog.,2017-12-01
http://www.wikidata.org/entity/Q1659584,ImageJ,http://www.wikidata.org/entity/Q21517397,Alexander Keller,http://www.wikidata.org/entity/Q48231676,The characterization of the circadian clock in the olive fly Bactrocera oleae (Diptera: Tephritidae) reveals a Drosophila-like organization.,2018-01-16
http://www.wikidata.org/entity/Q1659584,ImageJ,http://www.wikidata.org/entity/Q51171519,Joshua S Madin,http://www.wikidata.org/entity/Q49588455,"Moving to 3D: relationships between coral planar area, surface area and volume.",2018-02-06
http://www.wikidata.org/entity/Q1659584,ImageJ,http://www.wikidata.org/entity/Q89735684,Cyrille Violle,http://www.wikidata.org/entity/Q51147350,Adaptive diversification of growth allometry in the plant Arabidopsis thaliana.,2018-03-14
http://www.wikidata.org/entity/Q1659584,ImageJ,http://www.wikidata.org/entity/Q47172478,Brian J. Enquist,http://www.wikidata.org/entity/Q51147350,Adaptive diversification of growth allometry in the plant Arabidopsis thaliana.,2018-03-14
http://www.wikidata.org/entity/Q1659584,ImageJ,http://www.wikidata.org/entity/Q39186568,Jacintha Ellers,http://www.wikidata.org/entity/Q58492461,Selection for associative learning of color stimuli reveals correlated evolution of this learning ability across multiple stimuli and rewards,2018-05-16
http://www.wikidata.org/entity/Q1659584,ImageJ,http://www.wikidata.org/entity/Q58643826,Sean T. Michaletz,http://www.wikidata.org/entity/Q59335516,Intraspecific Trait Variation and Phenotypic Plasticity Mediate Alpine Plant Species Response to Climate Change,2018-01-01
http://www.wikidata.org/entity/Q1659584,ImageJ,http://www.wikidata.org/entity/Q96096151,Aud H. Halbritter,http://www.wikidata.org/entity/Q59335516,Intraspecific Trait Variation and Phenotypic Plasticity Mediate Alpine Plant Species Response to Climate Change,2018-01-01
http://www.wikidata.org/entity/Q1659584,ImageJ,http://www.wikidata.org/entity/Q89748248,Brian S. Maitner,http://www.wikidata.org/entity/Q59335516,Intraspecific Trait Variation and Phenotypic Plasticity Mediate Alpine Plant Species Response to Climate Change,2018-01-01
http://www.wikidata.org/entity/Q1659584,ImageJ,http://www.wikidata.org/entity/Q47172478,Brian J. Enquist,http://www.wikidata.org/entity/Q59335516,Intraspecific Trait Variation and Phenotypic Plasticity Mediate Alpine Plant Species Response to Climate Change,2018-01-01
http://www.wikidata.org/entity/Q1659584,ImageJ,http://www.wikidata.org/entity/Q55100101,Richard J Telford,http://www.wikidata.org/entity/Q59335516,Intraspecific Trait Variation and Phenotypic Plasticity Mediate Alpine Plant Species Response to Climate Change,2018-01-01
http://www.wikidata.org/entity/Q1659584,ImageJ,http://www.wikidata.org/entity/Q42561055,Vigdis Vandvik,http://www.wikidata.org/entity/Q59335516,Intraspecific Trait Variation and Phenotypic Plasticity Mediate Alpine Plant Species Response to Climate Change,2018-01-01
http://www.wikidata.org/entity/Q1659584,ImageJ,http://www.wikidata.org/entity/Q57010307,Malte Jochum,http://www.wikidata.org/entity/Q60912449,Applying generalized allometric regressions to predict live body mass of tropical and temperate arthropods,2018-12-06
http://www.wikidata.org/entity/Q1659584,ImageJ,http://www.wikidata.org/entity/Q46983883,Michael Ray Kearney,http://www.wikidata.org/entity/Q62518293,Climate is a strong predictor of near-infrared reflectance but a poor predictor of colour in butterflies,2019-03-01
http://www.wikidata.org/entity/Q1659584,ImageJ,http://www.wikidata.org/entity/Q43121038,Mark Westoby,http://www.wikidata.org/entity/Q62551766,The links between leaf hydraulic vulnerability to drought and key aspects of leaf venation and xylem anatomy among 26 Australian woody angiosperms from contrasting climates,2018-06-28
http://www.wikidata.org/entity/Q1659584,ImageJ,http://www.wikidata.org/entity/Q36585112,Ian J. Wright,http://www.wikidata.org/entity/Q63387254,Intraspecific variation in soy across the leaf economics spectrum,2019-01-01
http://www.wikidata.org/entity/Q1659584,ImageJ,http://www.wikidata.org/entity/Q89735684,Cyrille Violle,http://www.wikidata.org/entity/Q64095059,Nonlinear phenotypic variation uncovers the emergence of heterosis in Arabidopsis thaliana,2019-04-24
http://www.wikidata.org/entity/Q1659584,ImageJ,http://www.wikidata.org/entity/Q36585112,Ian J. Wright,http://www.wikidata.org/entity/Q64107086,Leaf:wood allometry and functional traits together explain substantial growth rate variation in rainforest trees,2019-04-16
http://www.wikidata.org/entity/Q1659584,ImageJ,http://www.wikidata.org/entity/Q89735684,Cyrille Violle,http://www.wikidata.org/entity/Q88773834,Embolism and mechanical resistances play a key role in dehydration tolerance of a perennial grass Dactylis glomerata L,2018-08-01
http://www.wikidata.org/entity/Q113203921,intertegular span,http://www.wikidata.org/entity/Q43148086,Ignasi Bartomeus,http://www.wikidata.org/entity/Q35960683,The Allometry of Bee Proboscis Length and Its Uses in Ecology,2016-03-17
http://www.wikidata.org/entity/Q46261310,irfan,http://www.wikidata.org/entity/Q20895785,Daniel Mietchen,http://www.wikidata.org/entity/Q107265514,Radical collaboration during a global health emergency: development of the RDA COVID-19 data sharing recommendations and guidelines,2021-06-16
http://www.wikidata.org/entity/Q251,Java,http://www.wikidata.org/entity/Q20895785,Daniel Mietchen,http://www.wikidata.org/entity/Q105742243,The LOTUS Initiative for Open Natural Products Research: Knowledge Management through Wikidata,2021-03-01
http://www.wikidata.org/entity/Q251,Java,http://www.wikidata.org/entity/Q20895785,Daniel Mietchen,http://www.wikidata.org/entity/Q112143478,The LOTUS initiative for open knowledge management in natural products research,2022-05-26
http://www.wikidata.org/entity/Q2005,JavaScript,http://www.wikidata.org/entity/Q20895785,Daniel Mietchen,http://www.wikidata.org/entity/Q28942417,Scholia and scientometrics with Wikidata,2017-03-13
http://www.wikidata.org/entity/Q847675,JUnit,http://www.wikidata.org/entity/Q20895785,Daniel Mietchen,http://www.wikidata.org/entity/Q105742243,The LOTUS Initiative for Open Natural Products Research: Knowledge Management through Wikidata,2021-03-01
http://www.wikidata.org/entity/Q847675,JUnit,http://www.wikidata.org/entity/Q20895785,Daniel Mietchen,http://www.wikidata.org/entity/Q112143478,The LOTUS initiative for open knowledge management in natural products research,2022-05-26
http://www.wikidata.org/entity/Q70357595,Jupyter notebook,http://www.wikidata.org/entity/Q47503085,Anne Thessen,http://www.wikidata.org/entity/Q98613418,A novel curation system to facilitate data integration across regional citizen science survey programs,2020-07-29
http://www.wikidata.org/entity/Q70357595,Jupyter notebook,http://www.wikidata.org/entity/Q29076435,Markus Ankenbrand,http://www.wikidata.org/entity/Q107504390,Sensitivity analysis for interpretation of machine learning based segmentation models in cardiac MRI,2021-02-15
http://www.wikidata.org/entity/Q70357595,Jupyter notebook,http://www.wikidata.org/entity/Q20895785,Daniel Mietchen,http://www.wikidata.org/entity/Q111145762,WikiProject Clinical Trials snapshot February 2022,2022-02-28
http://www.wikidata.org/entity/Q70357595,Jupyter notebook,http://www.wikidata.org/entity/Q20895785,Daniel Mietchen,http://www.wikidata.org/entity/Q111507314,WikiProject Clinical Trials for Wikidata,2022-04-04
http://www.wikidata.org/entity/Q70357595,Jupyter notebook,http://www.wikidata.org/entity/Q28368079,Melissa Haendel,http://www.wikidata.org/entity/Q91068895,FAIRshake: Toolkit to Evaluate the FAIRness of Research Digital Resources,2019-10-30
http://www.wikidata.org/entity/Q70357595,Jupyter notebook,http://www.wikidata.org/entity/Q28368079,Melissa Haendel,http://www.wikidata.org/entity/Q91312992,Representing glycophenotypes: semantic unification of glycobiology resources for disease discovery,2019-01-01
http://www.wikidata.org/entity/Q70357595,Jupyter notebook,http://www.wikidata.org/entity/Q28368079,Melissa Haendel,http://www.wikidata.org/entity/Q91556269,A harmonized meta-knowledgebase of clinical interpretations of somatic genomic variants in cancer,2020-04-03
http://www.wikidata.org/entity/Q70357595,Jupyter notebook,http://www.wikidata.org/entity/Q20895785,Daniel Mietchen,http://www.wikidata.org/entity/Q22064488,Enriched biodiversity data as a resource and service,2014-06-16
http://www.wikidata.org/entity/Q70357595,Jupyter notebook,http://www.wikidata.org/entity/Q20895785,Daniel Mietchen,http://www.wikidata.org/entity/Q33269085,A multi-disciplinary perspective on emergent and future innovations in peer review,2017-07-20
http://www.wikidata.org/entity/Q3816639,Kotlin,http://www.wikidata.org/entity/Q20895785,Daniel Mietchen,http://www.wikidata.org/entity/Q105742243,The LOTUS Initiative for Open Natural Products Research: Knowledge Management through Wikidata,2021-03-01
http://www.wikidata.org/entity/Q3816639,Kotlin,http://www.wikidata.org/entity/Q20895785,Daniel Mietchen,http://www.wikidata.org/entity/Q112143478,The LOTUS initiative for open knowledge management in natural products research,2022-05-26
http://www.wikidata.org/entity/Q112236343,limma,http://www.wikidata.org/entity/Q28368079,Melissa Haendel,http://www.wikidata.org/entity/Q34978215,Ontology based molecular signatures for immune cell types via gene expression analysis,2013-08-30
http://www.wikidata.org/entity/Q112236343,limma,http://www.wikidata.org/entity/Q39186568,Jacintha Ellers,http://www.wikidata.org/entity/Q35886330,Molecular and life-history effects of a natural toxin on herbivorous and non-target soil arthropods,2012-02-05
http://www.wikidata.org/entity/Q286923,Log4j,http://www.wikidata.org/entity/Q20895785,Daniel Mietchen,http://www.wikidata.org/entity/Q105742243,The LOTUS Initiative for Open Natural Products Research: Knowledge Management through Wikidata,2021-03-01
http://www.wikidata.org/entity/Q286923,Log4j,http://www.wikidata.org/entity/Q20895785,Daniel Mietchen,http://www.wikidata.org/entity/Q112143478,The LOTUS initiative for open knowledge management in natural products research,2022-05-26
http://www.wikidata.org/entity/Q96473455,Manubot,http://www.wikidata.org/entity/Q20895785,Daniel Mietchen,http://www.wikidata.org/entity/Q105742243,The LOTUS Initiative for Open Natural Products Research: Knowledge Management through Wikidata,2021-03-01
http://www.wikidata.org/entity/Q96473455,Manubot,http://www.wikidata.org/entity/Q20895785,Daniel Mietchen,http://www.wikidata.org/entity/Q112143478,The LOTUS initiative for open knowledge management in natural products research,2022-05-26
http://www.wikidata.org/entity/Q2985668,Matplotlib,http://www.wikidata.org/entity/Q20895785,Daniel Mietchen,http://www.wikidata.org/entity/Q105742243,The LOTUS Initiative for Open Natural Products Research: Knowledge Management through Wikidata,2021-03-01
http://www.wikidata.org/entity/Q2985668,Matplotlib,http://www.wikidata.org/entity/Q20895785,Daniel Mietchen,http://www.wikidata.org/entity/Q112143478,The LOTUS initiative for open knowledge management in natural products research,2022-05-26
http://www.wikidata.org/entity/Q11261,Microsoft Word,http://www.wikidata.org/entity/Q20895785,Daniel Mietchen,http://www.wikidata.org/entity/Q107265514,Radical collaboration during a global health emergency: development of the RDA COVID-19 data sharing recommendations and guidelines,2021-06-16
http://www.wikidata.org/entity/Q28054658,Mix'n'match,http://www.wikidata.org/entity/Q20895785,Daniel Mietchen,http://www.wikidata.org/entity/Q111507314,WikiProject Clinical Trials for Wikidata,2022-04-04
http://www.wikidata.org/entity/Q55377678,Molconvert,http://www.wikidata.org/entity/Q20895785,Daniel Mietchen,http://www.wikidata.org/entity/Q105742243,The LOTUS Initiative for Open Natural Products Research: Knowledge Management through Wikidata,2021-03-01
http://www.wikidata.org/entity/Q55377678,Molconvert,http://www.wikidata.org/entity/Q20895785,Daniel Mietchen,http://www.wikidata.org/entity/Q112143478,The LOTUS initiative for open knowledge management in natural products research,2022-05-26
http://www.wikidata.org/entity/Q61658497,National Research Data Infrastructure,http://www.wikidata.org/entity/Q20895785,Daniel Mietchen,http://www.wikidata.org/entity/Q111245248,SKG4EOSC - Scholarly Knowledge Graphs for EOSC: Establishing a backbone of knowledge graphs for FAIR Scholarly Information in EOSC,2022-03-15
http://www.wikidata.org/entity/Q112144253,NPClassifier,http://www.wikidata.org/entity/Q20895785,Daniel Mietchen,http://www.wikidata.org/entity/Q105742243,The LOTUS Initiative for Open Natural Products Research: Knowledge Management through Wikidata,2021-03-01
http://www.wikidata.org/entity/Q112144253,NPClassifier,http://www.wikidata.org/entity/Q20895785,Daniel Mietchen,http://www.wikidata.org/entity/Q112143478,The LOTUS initiative for open knowledge management in natural products research,2022-05-26
http://www.wikidata.org/entity/Q197520,NumPy,http://www.wikidata.org/entity/Q29076435,Markus Ankenbrand,http://www.wikidata.org/entity/Q107504390,Sensitivity analysis for interpretation of machine learning based segmentation models in cardiac MRI,2021-02-15
http://www.wikidata.org/entity/Q6955723,NVivo,http://www.wikidata.org/entity/Q20895785,Daniel Mietchen,http://www.wikidata.org/entity/Q107265514,Radical collaboration during a global health emergency: development of the RDA COVID-19 data sharing recommendations and guidelines,2021-06-16
http://www.wikidata.org/entity/Q48802126,Open Knowledge Maps,http://www.wikidata.org/entity/Q20895785,Daniel Mietchen,http://www.wikidata.org/entity/Q108138420,"Towards an open, zoomable atlas for invasion science and beyond",2021-08-18
http://www.wikidata.org/entity/Q108127463,Open Research Knowledge Graph,http://www.wikidata.org/entity/Q20895785,Daniel Mietchen,http://www.wikidata.org/entity/Q111245248,SKG4EOSC - Scholarly Knowledge Graphs for EOSC: Establishing a backbone of knowledge graphs for FAIR Scholarly Information in EOSC,2022-03-15
http://www.wikidata.org/entity/Q1461054,OpenJDK,http://www.wikidata.org/entity/Q20895785,Daniel Mietchen,http://www.wikidata.org/entity/Q105742243,The LOTUS Initiative for Open Natural Products Research: Knowledge Management through Wikidata,2021-03-01
http://www.wikidata.org/entity/Q1461054,OpenJDK,http://www.wikidata.org/entity/Q20895785,Daniel Mietchen,http://www.wikidata.org/entity/Q112143478,The LOTUS initiative for open knowledge management in natural products research,2022-05-26
http://www.wikidata.org/entity/Q5583871,OpenRefine,http://www.wikidata.org/entity/Q20895785,Daniel Mietchen,http://www.wikidata.org/entity/Q111507314,WikiProject Clinical Trials for Wikidata,2022-04-04
http://www.wikidata.org/entity/Q26481302,OPSIN,http://www.wikidata.org/entity/Q20895785,Daniel Mietchen,http://www.wikidata.org/entity/Q105742243,The LOTUS Initiative for Open Natural Products Research: Knowledge Management through Wikidata,2021-03-01
http://www.wikidata.org/entity/Q26481302,OPSIN,http://www.wikidata.org/entity/Q20895785,Daniel Mietchen,http://www.wikidata.org/entity/Q112143478,The LOTUS initiative for open knowledge management in natural products research,2022-05-26
http://www.wikidata.org/entity/Q15967387,pandas,http://www.wikidata.org/entity/Q20895785,Daniel Mietchen,http://www.wikidata.org/entity/Q105742243,The LOTUS Initiative for Open Natural Products Research: Knowledge Management through Wikidata,2021-03-01
http://www.wikidata.org/entity/Q15967387,pandas,http://www.wikidata.org/entity/Q20895785,Daniel Mietchen,http://www.wikidata.org/entity/Q112143478,The LOTUS initiative for open knowledge management in natural products research,2022-05-26
http://www.wikidata.org/entity/Q17146476,Plotly,http://www.wikidata.org/entity/Q20895785,Daniel Mietchen,http://www.wikidata.org/entity/Q105742243,The LOTUS Initiative for Open Natural Products Research: Knowledge Management through Wikidata,2021-03-01
http://www.wikidata.org/entity/Q17146476,Plotly,http://www.wikidata.org/entity/Q20895785,Daniel Mietchen,http://www.wikidata.org/entity/Q112143478,The LOTUS initiative for open knowledge management in natural products research,2022-05-26
http://www.wikidata.org/entity/Q113206456,proboscis length,http://www.wikidata.org/entity/Q43148086,Ignasi Bartomeus,http://www.wikidata.org/entity/Q35960683,The Allometry of Bee Proboscis Length and Its Uses in Ecology,2016-03-17
http://www.wikidata.org/entity/Q278487,PubChem,http://www.wikidata.org/entity/Q20895785,Daniel Mietchen,http://www.wikidata.org/entity/Q105742243,The LOTUS Initiative for Open Natural Products Research: Knowledge Management through Wikidata,2021-03-01
http://www.wikidata.org/entity/Q278487,PubChem,http://www.wikidata.org/entity/Q20895785,Daniel Mietchen,http://www.wikidata.org/entity/Q112143478,The LOTUS initiative for open knowledge management in natural products research,2022-05-26
http://www.wikidata.org/entity/Q180686,PubMed,http://www.wikidata.org/entity/Q20895785,Daniel Mietchen,http://www.wikidata.org/entity/Q105742243,The LOTUS Initiative for Open Natural Products Research: Knowledge Management through Wikidata,2021-03-01
http://www.wikidata.org/entity/Q180686,PubMed,http://www.wikidata.org/entity/Q20895785,Daniel Mietchen,http://www.wikidata.org/entity/Q112143478,The LOTUS initiative for open knowledge management in natural products research,2022-05-26
http://www.wikidata.org/entity/Q28865,Python,http://www.wikidata.org/entity/Q20895785,Daniel Mietchen,http://www.wikidata.org/entity/Q105742243,The LOTUS Initiative for Open Natural Products Research: Knowledge Management through Wikidata,2021-03-01
http://www.wikidata.org/entity/Q28865,Python,http://www.wikidata.org/entity/Q20895785,Daniel Mietchen,http://www.wikidata.org/entity/Q112143478,The LOTUS initiative for open knowledge management in natural products research,2022-05-26
http://www.wikidata.org/entity/Q28865,Python,http://www.wikidata.org/entity/Q20895785,Daniel Mietchen,http://www.wikidata.org/entity/Q28942417,Scholia and scientometrics with Wikidata,2017-03-13
http://www.wikidata.org/entity/Q747810,questionnaire,http://www.wikidata.org/entity/Q20895785,Daniel Mietchen,http://www.wikidata.org/entity/Q107265514,Radical collaboration during a global health emergency: development of the RDA COVID-19 data sharing recommendations and guidelines,2021-06-16
http://www.wikidata.org/entity/Q20084080,QuickStatements,http://www.wikidata.org/entity/Q20895785,Daniel Mietchen,http://www.wikidata.org/entity/Q111507314,WikiProject Clinical Trials for Wikidata,2022-04-04
http://www.wikidata.org/entity/Q206904,R,http://www.wikidata.org/entity/Q20895785,Daniel Mietchen,http://www.wikidata.org/entity/Q105742243,The LOTUS Initiative for Open Natural Products Research: Knowledge Management through Wikidata,2021-03-01
http://www.wikidata.org/entity/Q206904,R,http://www.wikidata.org/entity/Q20895785,Daniel Mietchen,http://www.wikidata.org/entity/Q108766311,Representing COVID-19 information in collaborative knowledge graphs: The case of Wikidata,2021-09-28
http://www.wikidata.org/entity/Q206904,R,http://www.wikidata.org/entity/Q20895785,Daniel Mietchen,http://www.wikidata.org/entity/Q112143478,The LOTUS initiative for open knowledge management in natural products research,2022-05-26
http://www.wikidata.org/entity/Q73539779,R package,http://www.wikidata.org/entity/Q47817227,Ralf B. Schäfer,http://www.wikidata.org/entity/Q99561633,Preparing GIS data for analysis of stream monitoring data: The R package openSTARS,2020-09-17
http://www.wikidata.org/entity/Q73539779,R package,http://www.wikidata.org/entity/Q43148086,Ignasi Bartomeus,http://www.wikidata.org/entity/Q104705118,rcites: An R package to access the CITES Speciesplus database,2018-11-20
http://www.wikidata.org/entity/Q73539779,R package,http://www.wikidata.org/entity/Q57010307,Malte Jochum,http://www.wikidata.org/entity/Q106351104,fluxweb : An R package to easily estimate energy fluxes in food webs,2018-11-19
http://www.wikidata.org/entity/Q73539779,R package,http://www.wikidata.org/entity/Q47817227,Ralf B. Schäfer,http://www.wikidata.org/entity/Q110391676,webchem: An R Package to Retrieve Chemical Information from the Web,2020-05-29
http://www.wikidata.org/entity/Q73539779,R package,http://www.wikidata.org/entity/Q57179980,William D. Pearse,http://www.wikidata.org/entity/Q111899681,SymbiotaR2: An R Package for Accessing Symbiota2 Data,2020-12-21
http://www.wikidata.org/entity/Q73539779,R package,http://www.wikidata.org/entity/Q42407986,Roberto Salguero-Gómez,http://www.wikidata.org/entity/Q57028232,IPMpack: an R package for integral projection models,2012-12-10
http://www.wikidata.org/entity/Q73539779,R package,http://www.wikidata.org/entity/Q56755459,Daniel Falster,http://www.wikidata.org/entity/Q57239175,smatr 3- an R package for estimation and inference about allometric lines,2011-09-29
http://www.wikidata.org/entity/Q73539779,R package,http://www.wikidata.org/entity/Q6218862,John Alroy,http://www.wikidata.org/entity/Q58396737,The R package divDyn for quantifying diversity dynamics using fossil sampling data,2018-09-23
http://www.wikidata.org/entity/Q73539779,R package,http://www.wikidata.org/entity/Q46983883,Michael Ray Kearney,http://www.wikidata.org/entity/Q60365099,NicheMapR - an R package for biophysical modelling: the microclimate model,2016-10-17
http://www.wikidata.org/entity/Q73539779,R package,http://www.wikidata.org/entity/Q6218862,John Alroy,http://www.wikidata.org/entity/Q64004540,The r package divDyn for quantifying diversity dynamics using fossil sampling data,2019-03-07
http://www.wikidata.org/entity/Q73539779,R package,http://www.wikidata.org/entity/Q89735684,Cyrille Violle,http://www.wikidata.org/entity/Q64031956,The bien r package: A tool to access the Botanical Information and Ecology Network (BIEN) database,2017-09-06
http://www.wikidata.org/entity/Q73539779,R package,http://www.wikidata.org/entity/Q89748248,Brian S. Maitner,http://www.wikidata.org/entity/Q64031956,The bien r package: A tool to access the Botanical Information and Ecology Network (BIEN) database,2017-09-06
http://www.wikidata.org/entity/Q73539779,R package,http://www.wikidata.org/entity/Q47172478,Brian J. Enquist,http://www.wikidata.org/entity/Q64031956,The bien r package: A tool to access the Botanical Information and Ecology Network (BIEN) database,2017-09-06
http://www.wikidata.org/entity/Q7455975,RDF4J,http://www.wikidata.org/entity/Q20895785,Daniel Mietchen,http://www.wikidata.org/entity/Q105742243,The LOTUS Initiative for Open Natural Products Research: Knowledge Management through Wikidata,2021-03-01
http://www.wikidata.org/entity/Q7455975,RDF4J,http://www.wikidata.org/entity/Q20895785,Daniel Mietchen,http://www.wikidata.org/entity/Q112143478,The LOTUS initiative for open knowledge management in natural products research,2022-05-26
http://www.wikidata.org/entity/Q54152347,RDKit,http://www.wikidata.org/entity/Q20895785,Daniel Mietchen,http://www.wikidata.org/entity/Q105742243,The LOTUS Initiative for Open Natural Products Research: Knowledge Management through Wikidata,2021-03-01
http://www.wikidata.org/entity/Q54152347,RDKit,http://www.wikidata.org/entity/Q20895785,Daniel Mietchen,http://www.wikidata.org/entity/Q112143478,The LOTUS initiative for open knowledge management in natural products research,2022-05-26
http://www.wikidata.org/entity/Q112338817,rentrez,http://www.wikidata.org/entity/Q20895785,Daniel Mietchen,http://www.wikidata.org/entity/Q105742243,The LOTUS Initiative for Open Natural Products Research: Knowledge Management through Wikidata,2021-03-01
http://www.wikidata.org/entity/Q112338817,rentrez,http://www.wikidata.org/entity/Q20895785,Daniel Mietchen,http://www.wikidata.org/entity/Q112143478,The LOTUS initiative for open knowledge management in natural products research,2022-05-26
http://www.wikidata.org/entity/Q25338539,Research Data Alliance,http://www.wikidata.org/entity/Q20895785,Daniel Mietchen,http://www.wikidata.org/entity/Q107265514,Radical collaboration during a global health emergency: development of the RDA COVID-19 data sharing recommendations and guidelines,2021-06-16
http://www.wikidata.org/entity/Q54872,Resource Description Framework,http://www.wikidata.org/entity/Q20895785,Daniel Mietchen,http://www.wikidata.org/entity/Q111457523,A formalization of one of the main claims of “Cortex reorganization of Xenopus laevis eggs in strong static magnetic fields” by Mietchen et al. 20051,2022-03-22
http://www.wikidata.org/entity/Q54872,Resource Description Framework,http://www.wikidata.org/entity/Q20895785,Daniel Mietchen,http://www.wikidata.org/entity/Q111483757,A formalization of one of the main claims of “Creative Commons licenses and the non-commercial condition: Implications for the re-use of biodiversity information” by Hagedorn et al. 2011,2022-03-22
http://www.wikidata.org/entity/Q112338595,rotl,http://www.wikidata.org/entity/Q20895785,Daniel Mietchen,http://www.wikidata.org/entity/Q105742243,The LOTUS Initiative for Open Natural Products Research: Knowledge Management through Wikidata,2021-03-01
http://www.wikidata.org/entity/Q112338595,rotl,http://www.wikidata.org/entity/Q20895785,Daniel Mietchen,http://www.wikidata.org/entity/Q112143478,The LOTUS initiative for open knowledge management in natural products research,2022-05-26
http://www.wikidata.org/entity/Q4798119,RStudio,http://www.wikidata.org/entity/Q39186568,Jacintha Ellers,http://www.wikidata.org/entity/Q102154471,Variation in plant leaf traits affects transmission and detectability of herbivore vibrational cues,2020-09-30
http://www.wikidata.org/entity/Q4798119,RStudio,http://www.wikidata.org/entity/Q41048832,Sadie J. Ryan,http://www.wikidata.org/entity/Q89717802,Severity Index for Suspected Arbovirus (SISA): Machine learning for accurate prediction of hospitalization in subjects suspected of arboviral infection,2020-02-14
http://www.wikidata.org/entity/Q4798119,RStudio,http://www.wikidata.org/entity/Q57158432,Wilco C.E.P. Verberk,http://www.wikidata.org/entity/Q89972258,"Triploidy in zebrafish larvae: Effects on gene expression, cell size and cell number, growth, development and swimming performance",2020-03-02
http://www.wikidata.org/entity/Q4798119,RStudio,http://www.wikidata.org/entity/Q6218862,John Alroy,http://www.wikidata.org/entity/Q91662202,The apparent exponential radiation of Phanerozoic land vertebrates is an artefact of spatial sampling biases,2020-04-08
http://www.wikidata.org/entity/Q4798119,RStudio,http://www.wikidata.org/entity/Q55807645,David B. Roy,http://www.wikidata.org/entity/Q91998313,Introduced plants as novel Anthropocene habitats for insects,2019-12-16
http://www.wikidata.org/entity/Q4798119,RStudio,http://www.wikidata.org/entity/Q42561055,Vigdis Vandvik,http://www.wikidata.org/entity/Q35668818,The Importance of Biotic vs. Abiotic Drivers of Local Plant Community Composition Along Regional Bioclimatic Gradients,2015-06-19
http://www.wikidata.org/entity/Q4798119,RStudio,http://www.wikidata.org/entity/Q39186568,Jacintha Ellers,http://www.wikidata.org/entity/Q46244499,Heated communities: large inter- and intraspecific variation in heat tolerance across trophic levels of a soil arthropod community.,2017-12-09
http://www.wikidata.org/entity/Q4798119,RStudio,http://www.wikidata.org/entity/Q22103562,Nuno Simões,http://www.wikidata.org/entity/Q46248233,"Ordinary kriging vs inverse distance weighting: spatial interpolation of the sessile community of Madagascar reef, Gulf of Mexico.",2017-11-30
http://www.wikidata.org/entity/Q4798119,RStudio,http://www.wikidata.org/entity/Q41048832,Sadie J. Ryan,http://www.wikidata.org/entity/Q51336489,"The Burden of Dengue Fever and Chikungunya in Southern Coastal Ecuador: Epidemiology, Clinical Presentation, and Phylogenetics from the First Two Years of a Prospective Study.",2018-03-01
http://www.wikidata.org/entity/Q4798119,RStudio,http://www.wikidata.org/entity/Q89735684,Cyrille Violle,http://www.wikidata.org/entity/Q88773834,Embolism and mechanical resistances play a key role in dehydration tolerance of a perennial grass Dactylis glomerata L,2018-08-01
http://www.wikidata.org/entity/Q45340488,Scholia,http://www.wikidata.org/entity/Q20895785,Daniel Mietchen,http://www.wikidata.org/entity/Q108138420,"Towards an open, zoomable atlas for invasion science and beyond",2021-08-18
http://www.wikidata.org/entity/Q45340488,Scholia,http://www.wikidata.org/entity/Q20895785,Daniel Mietchen,http://www.wikidata.org/entity/Q111507314,WikiProject Clinical Trials for Wikidata,2022-04-04
http://www.wikidata.org/entity/Q45340488,Scholia,http://www.wikidata.org/entity/Q20895785,Daniel Mietchen,http://www.wikidata.org/entity/Q28942417,Scholia and scientometrics with Wikidata,2017-03-13
http://www.wikidata.org/entity/Q197492,SciPy,http://www.wikidata.org/entity/Q20895785,Daniel Mietchen,http://www.wikidata.org/entity/Q105742243,The LOTUS Initiative for Open Natural Products Research: Knowledge Management through Wikidata,2021-03-01
http://www.wikidata.org/entity/Q197492,SciPy,http://www.wikidata.org/entity/Q20895785,Daniel Mietchen,http://www.wikidata.org/entity/Q112143478,The LOTUS initiative for open knowledge management in natural products research,2022-05-26
http://www.wikidata.org/entity/Q112335435,sdcMicro,http://www.wikidata.org/entity/Q20895785,Daniel Mietchen,http://www.wikidata.org/entity/Q107265514,Radical collaboration during a global health emergency: development of the RDA COVID-19 data sharing recommendations and guidelines,2021-06-16
http://www.wikidata.org/entity/Q54871,SPARQL,http://www.wikidata.org/entity/Q20895785,Daniel Mietchen,http://www.wikidata.org/entity/Q108766311,Representing COVID-19 information in collaborative knowledge graphs: The case of Wikidata,2021-09-28
http://www.wikidata.org/entity/Q54871,SPARQL,http://www.wikidata.org/entity/Q20895785,Daniel Mietchen,http://www.wikidata.org/entity/Q111145762,WikiProject Clinical Trials snapshot February 2022,2022-02-28
http://www.wikidata.org/entity/Q54871,SPARQL,http://www.wikidata.org/entity/Q20895785,Daniel Mietchen,http://www.wikidata.org/entity/Q28942417,Scholia and scientometrics with Wikidata,2017-03-13
http://www.wikidata.org/entity/Q32146616,SPARQL 1.1 Query Language,http://www.wikidata.org/entity/Q20895785,Daniel Mietchen,http://www.wikidata.org/entity/Q111507314,WikiProject Clinical Trials for Wikidata,2022-04-04
http://www.wikidata.org/entity/Q47607,SQL,http://www.wikidata.org/entity/Q28368079,Melissa Haendel,http://www.wikidata.org/entity/Q112687954,NSAID use and clinical outcomes in COVID-19 patients: a 38-center retrospective cohort study,2022-05-15
http://www.wikidata.org/entity/Q47607,SQL,http://www.wikidata.org/entity/Q28368079,Melissa Haendel,http://www.wikidata.org/entity/Q112689937,Associations between HIV infection and clinical spectrum of COVID-19: a population level analysis based on US National COVID Cohort Collaborative (N3C) data,2021-10-13
http://www.wikidata.org/entity/Q47607,SQL,http://www.wikidata.org/entity/Q28368079,Melissa Haendel,http://www.wikidata.org/entity/Q23815243,Integrating phenotype ontologies across multiple species,2010-01-01
http://www.wikidata.org/entity/Q47607,SQL,http://www.wikidata.org/entity/Q28368079,Melissa Haendel,http://www.wikidata.org/entity/Q28551680,The Ontology for Biomedical Investigations,2016-01-01
http://www.wikidata.org/entity/Q112335497,Standards for Reporting Qualitative Research,http://www.wikidata.org/entity/Q20895785,Daniel Mietchen,http://www.wikidata.org/entity/Q107265514,Radical collaboration during a global health emergency: development of the RDA COVID-19 data sharing recommendations and guidelines,2021-06-16
http://www.wikidata.org/entity/Q111972233,SuperPattern Ontology,http://www.wikidata.org/entity/Q20895785,Daniel Mietchen,http://www.wikidata.org/entity/Q111457523,A formalization of one of the main claims of “Cortex reorganization of Xenopus laevis eggs in strong static magnetic fields” by Mietchen et al. 20051,2022-03-22
http://www.wikidata.org/entity/Q111972233,SuperPattern Ontology,http://www.wikidata.org/entity/Q20895785,Daniel Mietchen,http://www.wikidata.org/entity/Q111483757,A formalization of one of the main claims of “Creative Commons licenses and the non-commercial condition: Implications for the re-use of biodiversity information” by Hagedorn et al. 2011,2022-03-22
http://www.wikidata.org/entity/Q26882268,TABernacle,http://www.wikidata.org/entity/Q20895785,Daniel Mietchen,http://www.wikidata.org/entity/Q111507314,WikiProject Clinical Trials for Wikidata,2022-04-04
http://www.wikidata.org/entity/Q60755534,Tidyverse,http://www.wikidata.org/entity/Q20895785,Daniel Mietchen,http://www.wikidata.org/entity/Q105742243,The LOTUS Initiative for Open Natural Products Research: Knowledge Management through Wikidata,2021-03-01
http://www.wikidata.org/entity/Q60755534,Tidyverse,http://www.wikidata.org/entity/Q20895785,Daniel Mietchen,http://www.wikidata.org/entity/Q112143478,The LOTUS initiative for open knowledge management in natural products research,2022-05-26
http://www.wikidata.org/entity/Q112338859,treeio,http://www.wikidata.org/entity/Q20895785,Daniel Mietchen,http://www.wikidata.org/entity/Q105742243,The LOTUS Initiative for Open Natural Products Research: Knowledge Management through Wikidata,2021-03-01
http://www.wikidata.org/entity/Q112338859,treeio,http://www.wikidata.org/entity/Q20895785,Daniel Mietchen,http://www.wikidata.org/entity/Q112143478,The LOTUS initiative for open knowledge management in natural products research,2022-05-26
http://www.wikidata.org/entity/Q7839811,TriG,http://www.wikidata.org/entity/Q20895785,Daniel Mietchen,http://www.wikidata.org/entity/Q111457523,A formalization of one of the main claims of “Cortex reorganization of Xenopus laevis eggs in strong static magnetic fields” by Mietchen et al. 20051,2022-03-22
http://www.wikidata.org/entity/Q7839811,TriG,http://www.wikidata.org/entity/Q20895785,Daniel Mietchen,http://www.wikidata.org/entity/Q111483757,A formalization of one of the main claims of “Creative Commons licenses and the non-commercial condition: Implications for the re-use of biodiversity information” by Hagedorn et al. 2011,2022-03-22
http://www.wikidata.org/entity/Q112338883,UpSetR,http://www.wikidata.org/entity/Q20895785,Daniel Mietchen,http://www.wikidata.org/entity/Q105742243,The LOTUS Initiative for Open Natural Products Research: Knowledge Management through Wikidata,2021-03-01
http://www.wikidata.org/entity/Q112338883,UpSetR,http://www.wikidata.org/entity/Q20895785,Daniel Mietchen,http://www.wikidata.org/entity/Q112143478,The LOTUS initiative for open knowledge management in natural products research,2022-05-26
http://www.wikidata.org/entity/Q107014192,VanderBot,http://www.wikidata.org/entity/Q20895785,Daniel Mietchen,http://www.wikidata.org/entity/Q111507314,WikiProject Clinical Trials for Wikidata,2022-04-04
http://www.wikidata.org/entity/Q112338902,webchem,http://www.wikidata.org/entity/Q20895785,Daniel Mietchen,http://www.wikidata.org/entity/Q105742243,The LOTUS Initiative for Open Natural Products Research: Knowledge Management through Wikidata,2021-03-01
http://www.wikidata.org/entity/Q112338902,webchem,http://www.wikidata.org/entity/Q20895785,Daniel Mietchen,http://www.wikidata.org/entity/Q112143478,The LOTUS initiative for open knowledge management in natural products research,2022-05-26
http://www.wikidata.org/entity/Q2013,Wikidata,http://www.wikidata.org/entity/Q20895785,Daniel Mietchen,http://www.wikidata.org/entity/Q105742243,The LOTUS Initiative for Open Natural Products Research: Knowledge Management through Wikidata,2021-03-01
http://www.wikidata.org/entity/Q2013,Wikidata,http://www.wikidata.org/entity/Q20895785,Daniel Mietchen,http://www.wikidata.org/entity/Q107394423,Wikipedia for multilingual COVID-19 vaccine education at scale,2021-07-01
http://www.wikidata.org/entity/Q2013,Wikidata,http://www.wikidata.org/entity/Q20895785,Daniel Mietchen,http://www.wikidata.org/entity/Q108138420,"Towards an open, zoomable atlas for invasion science and beyond",2021-08-18
http://www.wikidata.org/entity/Q2013,Wikidata,http://www.wikidata.org/entity/Q20895785,Daniel Mietchen,http://www.wikidata.org/entity/Q108766311,Representing COVID-19 information in collaborative knowledge graphs: The case of Wikidata,2021-09-28
http://www.wikidata.org/entity/Q2013,Wikidata,http://www.wikidata.org/entity/Q20895785,Daniel Mietchen,http://www.wikidata.org/entity/Q111245248,SKG4EOSC - Scholarly Knowledge Graphs for EOSC: Establishing a backbone of knowledge graphs for FAIR Scholarly Information in EOSC,2022-03-15
http://www.wikidata.org/entity/Q2013,Wikidata,http://www.wikidata.org/entity/Q20895785,Daniel Mietchen,http://www.wikidata.org/entity/Q111457523,A formalization of one of the main claims of “Cortex reorganization of Xenopus laevis eggs in strong static magnetic fields” by Mietchen et al. 20051,2022-03-22
http://www.wikidata.org/entity/Q2013,Wikidata,http://www.wikidata.org/entity/Q20895785,Daniel Mietchen,http://www.wikidata.org/entity/Q111483757,A formalization of one of the main claims of “Creative Commons licenses and the non-commercial condition: Implications for the re-use of biodiversity information” by Hagedorn et al. 2011,2022-03-22
http://www.wikidata.org/entity/Q2013,Wikidata,http://www.wikidata.org/entity/Q20895785,Daniel Mietchen,http://www.wikidata.org/entity/Q111507314,WikiProject Clinical Trials for Wikidata,2022-04-04
http://www.wikidata.org/entity/Q2013,Wikidata,http://www.wikidata.org/entity/Q20895785,Daniel Mietchen,http://www.wikidata.org/entity/Q112143478,The LOTUS initiative for open knowledge management in natural products research,2022-05-26
http://www.wikidata.org/entity/Q2013,Wikidata,http://www.wikidata.org/entity/Q20895785,Daniel Mietchen,http://www.wikidata.org/entity/Q28942417,Scholia and scientometrics with Wikidata,2017-03-13
http://www.wikidata.org/entity/Q20950365,Wikidata Query Service,http://www.wikidata.org/entity/Q20895785,Daniel Mietchen,http://www.wikidata.org/entity/Q108766311,Representing COVID-19 information in collaborative knowledge graphs: The case of Wikidata,2021-09-28
http://www.wikidata.org/entity/Q20950365,Wikidata Query Service,http://www.wikidata.org/entity/Q20895785,Daniel Mietchen,http://www.wikidata.org/entity/Q111145762,WikiProject Clinical Trials snapshot February 2022,2022-02-28
http://www.wikidata.org/entity/Q20950365,Wikidata Query Service,http://www.wikidata.org/entity/Q20895785,Daniel Mietchen,http://www.wikidata.org/entity/Q111507314,WikiProject Clinical Trials for Wikidata,2022-04-04
http://www.wikidata.org/entity/Q20950365,Wikidata Query Service,http://www.wikidata.org/entity/Q20895785,Daniel Mietchen,http://www.wikidata.org/entity/Q28942417,Scholia and scientometrics with Wikidata,2017-03-13
http://www.wikidata.org/entity/Q52,Wikipedia,http://www.wikidata.org/entity/Q20895785,Daniel Mietchen,http://www.wikidata.org/entity/Q107394423,Wikipedia for multilingual COVID-19 vaccine education at scale,2021-07-01
http://www.wikidata.org/entity/Q22661177,Zenodo,http://www.wikidata.org/entity/Q20895785,Daniel Mietchen,http://www.wikidata.org/entity/Q105742243,The LOTUS Initiative for Open Natural Products Research: Knowledge Management through Wikidata,2021-03-01
http://www.wikidata.org/entity/Q22661177,Zenodo,http://www.wikidata.org/entity/Q20895785,Daniel Mietchen,http://www.wikidata.org/entity/Q112143478,The LOTUS initiative for open knowledge management in natural products research,2022-05-26
http://www.wikidata.org/entity/Q94979732,Zoom,http://www.wikidata.org/entity/Q20895785,Daniel Mietchen,http://www.wikidata.org/entity/Q107265514,Radical collaboration during a global health emergency: development of the RDA COVID-19 data sharing recommendations and guidelines,2021-06-16
http://www.wikidata.org/entity/Q226915,Zotero,http://www.wikidata.org/entity/Q20895785,Daniel Mietchen,http://www.wikidata.org/entity/Q107265514,Radical collaboration during a global health emergency: development of the RDA COVID-19 data sharing recommendations and guidelines,2021-06-16
